{
    "UserAgent": "aws-amplify-cli/2.0",
    "Version": "1.0",
    "api": {
        "plugins": {
            "awsAPIPlugin": {
                "kinealyweighttracker": {
                    "endpointType": "GraphQL",
                    "endpoint": "https://hprdrt3vffbija2xsjuh3qlenm.appsync-api.us-east-2.amazonaws.com/graphql",
                    "region": "us-east-2",
                    "authorizationType": "API_KEY",
                    "apiKey": "da2-kxjbtys62zgp3dgci24ohixqju"
                }
            }
        }
    },
    "auth": {
        "plugins": {
            "awsCognitoAuthPlugin": {
                "UserAgent": "aws-amplify-cli/0.1.0",
                "Version": "0.1.0",
                "IdentityManager": {
                    "Default": {}
                },
                "AppSync": {
                    "Default": {
                        "ApiUrl": "https://hprdrt3vffbija2xsjuh3qlenm.appsync-api.us-east-2.amazonaws.com/graphql",
                        "Region": "us-east-2",
                        "AuthMode": "API_KEY",
                        "ApiKey": "da2-kxjbtys62zgp3dgci24ohixqju",
                        "ClientDatabasePrefix": "kinealyweighttracker_API_KEY"
                    }
                },
                "CredentialsProvider": {
                    "CognitoIdentity": {
                        "Default": {
                            "PoolId": "us-east-2:dd04c094-ea2a-45f5-a94b-189b011e12dc",
                            "Region": "us-east-2"
                        }
                    }
                },
                "CognitoUserPool": {
                    "Default": {
                        "PoolId": "us-east-2_06sLPxEMk",
                        "AppClientId": "1n9u80rs5hsvg30rhulvhmu743",
                        "Region": "us-east-2"
                    }
                },
                "Auth": {
                    "Default": {
                        "authenticationFlowType": "USER_SRP_AUTH",
                        "socialProviders": [],
                        "usernameAttributes": [],
                        "signupAttributes": [
                            "EMAIL"
                        ],
                        "passwordProtectionSettings": {
                            "passwordPolicyMinLength": 8,
                            "passwordPolicyCharacters": []
                        },
                        "mfaConfiguration": "OFF",
                        "mfaTypes": [
                            "SMS"
                        ],
                        "verificationMechanisms": [
                            "EMAIL"
                        ]
                    }
                }
            }
        }
    }
}