{
  "providers": {
    "awscloudformation": {
      "AuthRoleName": "amplify-kinealyweighttracker-dev-aa69e-authRole",
      "UnauthRoleArn": "arn:aws:iam::715342389561:role/amplify-kinealyweighttracker-dev-aa69e-unauthRole",
      "AuthRoleArn": "arn:aws:iam::715342389561:role/amplify-kinealyweighttracker-dev-aa69e-authRole",
      "Region": "us-east-2",
      "DeploymentBucketName": "amplify-kinealyweighttracker-dev-aa69e-deployment",
      "UnauthRoleName": "amplify-kinealyweighttracker-dev-aa69e-unauthRole",
      "StackName": "amplify-kinealyweighttracker-dev-aa69e",
      "StackId": "arn:aws:cloudformation:us-east-2:715342389561:stack/amplify-kinealyweighttracker-dev-aa69e/1ae49d70-730b-11f0-b204-02558fbace9b",
      "AmplifyAppId": "d16hzqfxqim68u"
    }
  },
  "api": {
    "kinealyweighttracker": {
      "service": "AppSync",
      "providerPlugin": "awscloudformation",
      "dependsOn": [],
      "output": {
        "authConfig": {
          "defaultAuthentication": {
            "authenticationType": "API_KEY",
            "apiKeyConfig": {
              "apiKeyExpirationDays": 7
            }
          },
          "additionalAuthenticationProviders": []
        },
        "GraphQLAPIIdOutput": "qnauoeiomng65gmahprloc5lsm",
        "GraphQLAPIEndpointOutput": "https://hprdrt3vffbija2xsjuh3qlenm.appsync-api.us-east-2.amazonaws.com/graphql",
        "GraphQLAPIKeyOutput": "da2-kxjbtys62zgp3dgci24ohixqju"
      },
      "providerMetadata": {
        "s3TemplateURL": "https://s3.amazonaws.com/amplify-kinealyweighttracker-dev-aa69e-deployment/amplify-cfn-templates/api/cloudformation-template.json",
        "logicalId": "apikinealyweighttracker"
      },
      "lastPushTimeStamp": "2025-08-07T09:58:52.629Z",
      "lastPushDirHash": "0uN50puTC/bwuTLaVIPGp+2jErE="
    }
  },
  "auth": {
    "kinealyweighttrackerd9fe97b7": {
      "service": "Cognito",
      "providerPlugin": "awscloudformation",
      "dependsOn": [],
      "customAuth": false,
      "frontendAuthConfig": {
        "socialProviders": [],
        "usernameAttributes": [],
        "signupAttributes": [
          "EMAIL"
        ],
        "passwordProtectionSettings": {
          "passwordPolicyMinLength": 8,
          "passwordPolicyCharacters": []
        },
        "mfaConfiguration": "OFF",
        "mfaTypes": [
          "SMS"
        ],
        "verificationMechanisms": [
          "EMAIL"
        ]
      },
      "providerMetadata": {
        "s3TemplateURL": "https://s3.amazonaws.com/amplify-kinealyweighttracker-dev-aa69e-deployment/amplify-cfn-templates/auth/kinealyweighttrackerd9fe97b7-cloudformation-template.json",
        "logicalId": "authkinealyweighttrackerd9fe97b7"
      },
      "lastPushTimeStamp": "2025-08-07T09:55:02.083Z",
      "output": {
        "UserPoolId": "us-east-2_06sLPxEMk",
        "AppClientIDWeb": "183plhj4lk926kom1p8cnib2ul",
        "AppClientID": "1n9u80rs5hsvg30rhulvhmu743",
        "IdentityPoolId": "us-east-2:dd04c094-ea2a-45f5-a94b-189b011e12dc",
        "UserPoolArn": "arn:aws:cognito-idp:us-east-2:715342389561:userpool/us-east-2_06sLPxEMk",
        "IdentityPoolName": "kinealyweighttrackerd9fe97b7_identitypool_d9fe97b7__dev",
        "UserPoolName": "kinealyweighttrackerd9fe97b7_userpool_d9fe97b7"
      },
      "lastPushDirHash": "fG6KBvE2sm0WCO2OetfqVpTZLuA="
    }
  }
}