{
  "dev": {
    "awscloudformation": {
      "AuthRoleName": "amplify-kinealyweighttracker-dev-aa69e-authRole",
      "UnauthRoleArn": "arn:aws:iam::715342389561:role/amplify-kinealyweighttracker-dev-aa69e-unauthRole",
      "AuthRoleArn": "arn:aws:iam::715342389561:role/amplify-kinealyweighttracker-dev-aa69e-authRole",
      "Region": "us-east-2",
      "DeploymentBucketName": "amplify-kinealyweighttracker-dev-aa69e-deployment",
      "UnauthRoleName": "amplify-kinealyweighttracker-dev-aa69e-unauthRole",
      "StackName": "amplify-kinealyweighttracker-dev-aa69e",
      "StackId": "arn:aws:cloudformation:us-east-2:715342389561:stack/amplify-kinealyweighttracker-dev-aa69e/1ae49d70-730b-11f0-b204-02558fbace9b",
      "AmplifyAppId": "d16hzqfxqim68u"
    },
    "categories": {
      "api": {
        "kinealyweighttracker": {}
      },
      "auth": {
        "kinealyweighttrackerd9fe97b7": {}
      }
    }
  }
}